Workbook

Sheet Tabla 6 (3)

Sheet Vinilos EBM
A1: Nº | B1: Portada | C1: TÍTULO | D1: ARTISTA | E1: AÑO | F1: GÉNERO | G1: TIPO EDICIÓN | H1: FECHA | I1: LUGAR COMPRA | J1: PRECIO COMPRA | K1: PREICO ACTUAL | L1: DIFERENCIA | M1: Total | O1: Observaciones
A2: 1 | C2: Let It Bleed | D2: The Rolling Stones | E2: 1969 | F2: Rock Internacional | G2: Repress | H2: 45215 | I2: Fetén | J2: 30 | K2: 23.9 | L2: =--SUBSTITUTE(J2," €","") - K2 -> 6.1 | M2: =SUM(L2:L304) -> -1139.669 | N2: Diferencia
A3: 2 | C3: The Darkside of the Moon | D3: Pink Floyd | E3: 1972 | F3: Rock Internacional | G3: Redición (50º An) | H3: 45215 | I3: Amazon Esp | J3: 21.5 | K3: =ColumnaPrecios!C2 -> 47,99 | L3: =--SUBSTITUTE(J3," €","") - K3 -> -26.49
A4: 3 | C4: At Newport | D4: Muddy Waters | E4: 1960 | F4: Blues | G4: Reedición | H4: 45215 | I4: Amazon Esp | J4: 14.5 | K4: =ColumnaPrecios!C4 -> 14,99 | L4: =--SUBSTITUTE(J4," €","") - K4 -> -0.49 | M4: =SUM(J2:J501) -> 3017.127 | N4: Pagado
A5: 4 | C5: The Simon and Garfunkel Collection Sus obras maestras | D5: Simon and Garfunkel | E5: 1981 | F5: Cantautor/Folk | G5: Original (1981) | H5: 45217 | I5: Fetén | J5: 15 | K5: 11 | L5: =--SUBSTITUTE(J5," €","") - K5 -> 4
A6: 5 | C6: Are you Experienced? | D6: Jimi Hendrix Experience | E6: 1967 | F6: Rock Internacional | G6: Reedición | H6: 45229 | I6: Rock Y Pop (Turin) | J6: 26.9 | K6: =ColumnaPrecios!B6 -> 31,99 | L6: =--SUBSTITUTE(J6," €","") - K6 -> -5.09
A7: 6 | C7: The Ziggy Stardust and The Spiders From Mars | D7: David Bowie | E7: 1972 | F7: Rock Internacional | G7: Reedición | H7: 45256 | I7: Freebird Records (Dublin) | J7: 22.95 | K7: =ColumnaPrecios!C8 -> 24,74 | L7: =--SUBSTITUTE(J7," €","") - K7 -> -1.79
A8: 7 | C8: Communique | D8: Dire Straits | E8: 1979 | F8: Rock Internacional | G8: Original (Hol) | H8: 45231 | I8: Feria Disco Salamanca | J8: 20 | K8: 25 | L8: =--SUBSTITUTE(J8," €","") - K8 -> -5
A9: 8 | C9: Texas Flood | D9: Stevie Ray Vaughan | E9: 1983 | F9: Blues | G9: Original (Esp) | H9: 45231 | I9: Feria Disco Salamanca | J9: 25 | K9: 31 | L9: =--SUBSTITUTE(J9," €","") - K9 -> -6
A10: 9 | C10: Dedicado a Antonio Machado, poeta | D10: J.M. Serrat | E10: 1969 | F10: Cantautor/Folk | G10: Original (Esp) | H10: 45261 | I10: Fetén | J10: 15 | K10: 9 | L10: =--SUBSTITUTE(J10," €","") - K10 -> 6
A11: 10 | C11: Exile on Main Street | D11: The Rolling Stones | E11: 1972 | F11: Rock Internacional | G11: Reedición | H11: 45313 | I11: Amazon Esp | J11: 28.97 | K11: =ExileOnMain!A2 -> 45.99 | L11: =--SUBSTITUTE(J11," €","") - K11 -> -17.02
A12: 11 | C12: Let It Be | D12: The Beatles | E12: 1970 | F12: Rock Internacional | G12: Reedición (50º An) | H12: 45313 | I12: Amazon Esp | J12: 21.99 | K12: =ColumnaPrecios!B10 -> 34,99 | L12: =--SUBSTITUTE(J12," €","") - K12 -> -13
A13: 12 | C13: Time Out | D13: Brubeck Quartet | E13: 1959 | F13: Jazz | G13: Reedición | H13: 45313 | I13: Amazon Esp | J13: 11.99 | K13: =ColumnaPrecios!B12 -> 14,50 | L13: =--SUBSTITUTE(J13," €","") - K13 -> -2.51
A14: 13 | C14: Innuendo | D14: Queen | E14: 1991 | F14: Rock Internacional | G14: Reedicion? | H14: 45292 | I14: Amazon Esp | J14: 30 | K14: 40 | L14: =--SUBSTITUTE(J14," €","") - K14 -> -10
A15: 14 | C15: Enseñanzas de la Historia | D15: Carlos Puebla y los Tradicionales | E15: 1977 | F15: Latina | G15: Original (Esp) | H15: 45323 | I15: Fetén | J15: 10 | K15: 10 | L15: =--SUBSTITUTE(J15," €","") - K15 -> 0
A16: 15 | C16: The Best Of Muddy Waters | D16: Muddy Waters | E16: 1958 | F16: Blues | G16: Reedición | H16: 45329 | I16: Amazon Esp | J16: 14 | K16: =ColumnaPrecios!B14 -> 18,98 | L16: =--SUBSTITUTE(J16," €","") - K16 -> -4.98
A17: 16 | C17: Y en Eso Llegó Fidel | D17: Carlos Puebla y los Tradicionales | E17: 1976 | F17: Latina | G17: Original (Esp) | H17: 45352 | I17: Fetén | J17: 20 | K17: 12 | L17: =--SUBSTITUTE(J17," €","") - K17 -> 8
A18: 17 | C18: Songs From A Room | D18: Leonard Cohen | E18: 1969 | F18: Cantautor/Folk | G18: Reedición | H18: 45352 | I18: Amazon Esp | J18: 9.99 | K18: =SongFromARoom!A2 -> 27,37 | L18: =--SUBSTITUTE(J18," €","") - K18 -> -17.38
A19: 18 | C19: Con Cariño y con Cuidado | D19: Valeria Castro | E19: 2023 | F19: Cantautor/Folk | G19: Original Firmado | H19: 45373 | I19: Al Artista | J19: 25 | K19: 28.5 | L19: =--SUBSTITUTE(J19," €","") - K19 -> -3.5 | O19: Firmado por Valeria a la salida del concierto en en el Teatro del Liceo de Salamanca
A20: 19 | C20: Unplugged | D20: Eric Clapton | E20: 1992 | F20: Rock Internacional | G20: Reedición | H20: 45387 | I20: Amazon Esp | J20: 35.18 | K20: =UnpluggedClapton!A2 -> 41,71 | L20: =--SUBSTITUTE(J20," €","") - K20 -> -6.53
A21: 20 | C21: Mediterráneo | D21: J.M. Serrat | E21: 1971 | F21: Cantautor/Folk | G21: Original | H21: 45383 | I21: Feten | J21: 20 | K21: 14 | L21: =--SUBSTITUTE(J21," €","") - K21 -> 6
A22: 21 | C22: Vinicius de Moraes en La Fusa | D22: Vinicius de Moraes, María Creuza y Toquinho | E22: 1974 | F22: Latina | G22: Original | H22: 45409 | I22: La Metralleta | J22: 7 | K22: 10 | L22: =--SUBSTITUTE(J22," €","") - K22 -> -3 | O22: Daño en la portada
A23: 22 | C23: Tiempo de Cerezas | D23: Víctor Manuel | E23: 1989 | F23: Cantautor/Folk | G23: Original | H23: 45409 | I23: La Metralleta | J23: 7 | K23: 6 | L23: =--SUBSTITUTE(J23," €","") - K23 -> 1 | O23: Regalo a Elizabeth por el día de la madre
A24: 23 | C24: Different Class | D24: Pulp | E24: 1995 | F24: Rock Internacional | G24: Reedición | H24: 45409 | I24: La Metralleta | J24: 28 | K24: =ColumnaPrecios!B16 -> 26,99 | L24: =--SUBSTITUTE(J24," €","") - K24 -> 1.01
A25: 24 | C25: Santana Grandes Éxitos | D25: Santana | E25: 1974 | F25: Rock Internacional | G25: Reedicion Esp1983 | H25: 45413 | I25: Fetén | J25: 20 | K25: 14 | L25: =--SUBSTITUTE(J25," €","") - K25 -> 6
A26: 25 | C26: Rubber Soul | D26: The Beatles | E26: 1965 | F26: Rock Internacional | G26: Reedicion | H26: 45436 | I26: Amazon Esp | J26: 26.44 | K26: 31.99 | L26: =--SUBSTITUTE(J26," €","") - K26 -> -5.55
A27: 26 | C27: Bringing It All Back Home | D27: Bob Dylan | E27: 1964 | F27: Cantautor/Folk | G27: Reedición | H27: 45436 | I27: Amazon Esp | J27: 15.69 | K27: 27.4 | L27: =--SUBSTITUTE(J27," €","") - K27 -> -11.71
A28: 27 | C28: Cheap Thrills | D28: Big Brother & The Holding Company (Janis Joplin) | E28: 1968 | F28: Rock Internacional | G28: Reedición | H28: 45436 | I28: Amazon Esp | J28: 15.69 | K28: 30.54 | L28: =--SUBSTITUTE(J28," €","") - K28 -> -14.85
A29: 28 | C29: Buena Vista Social Club | D29: Buena Vista Social Club | E29: 1997 | F29: Latina | G29: Reedición | H29: 45436 | I29: Amazon Esp | J29: 24.78 | K29: 34.99 | L29: =--SUBSTITUTE(J29," €","") - K29 -> -10.21
A30: 29 | C30: Tapestry | D30: Carole King | E30: 1971 | F30: Cantautor/Folk | G30: Reedición | H30: 45481 | I30: Amazon Esp | J30: 14.24 | K30: 23.88 | L30: =--SUBSTITUTE(J30," €","") - K30 -> -9.64
A31: 30 | C31: Highway 61 Revisted | D31: Bob Dylan | E31: 1965 | F31: Cantautor/Folk | G31: Reedición | H31: 45481 | I31: Amazon Esp | J31: 14.24 | K31: 21.99 | L31: =--SUBSTITUTE(J31," €","") - K31 -> -7.75
A32: 31 | C32: Born in the USA | D32: Bruce Springsteen | E32: 1984 | F32: Rock Internacional | G32: Reedición | H32: 45481 | I32: Amazon Esp | J32: 13.49 | K32: 21.99 | L32: =--SUBSTITUTE(J32," €","") - K32 -> -8.5
A33: 32 | C33: Abbey Road | D33: The Beatles | E33: 1969 | F33: Rock Internacional | G33: Reedición | H33: 45481 | I33: Amazon Esp | J33: 28.89 | K33: 31.99 | L33: =--SUBSTITUTE(J33," €","") - K33 -> -3.1
A34: 33 | C34: Lo Mejor de los Cream | D34: Cream | E34: 1969 | F34: Rock Internacional | G34: Original ESP (1969) | H34: 45585 | I34: Feria Disco Salamanca | J34: 12 | K34: 12 | L34: =--SUBSTITUTE(J34," €","") - K34 -> 0
A35: 34 | C35: Automatic For The People | D35: REM | E35: 1992 | F35: Rock Internacional | G35: Reedición (25ª Aniversario) | H35: 45591 | I35: Amazon Esp | J35: 20.99 | K35: 31.8 | L35: =--SUBSTITUTE(J35," €","") - K35 -> -10.81
A36: 35 | C36: Unknown Pleasures | D36: Joy Division | E36: 1979 | F36: Rock Internacional | G36: Reedición | H36: 45597 | I36: Amazon Esp | J36: 18 | K36: 20.99 | L36: =--SUBSTITUTE(J36," €","") - K36 -> -2.99
... A43: 42 | C43: I´m Your Man | D43: Leonard Cohen | E43: 1988 | F43: Cantautor/Folk | G43: Reedicion | H43: 45634 | I43: Fnac Paris | J43: 16 | K43: 29.65 | L43: =--SUBSTITUTE(J43," €","") - K43 -> -13.65
A44: 43 | C44: Transa | D44: Caetano Veloso | E44: 1972 | F44: Latina | G44: Reedicion | H44: 45663 | I44: Hey Boy Hey Girl (La Laguna) | J44: 28 | K44: 28.98 | L44: =--SUBSTITUTE(J44," €","") - K44 -> -0.98 | O44: Regalo de Reyes de Elizabeth
A45: 44 | C45: What´s The Story Morning Glory | D45: Oasis | E45: 1995 | F45: Rock Internacional | G45: Reedicion | H45: 45679 | I45: Amazon Esp | J45: 28.79 | K45: 47.27 | L45: =--SUBSTITUTE(J45," €","") - K45 -> -18.48 | O45: Reyes Tía Angu
A46: 45 | C46: Celia & Johnny | D46: Celia Cruz & Johnny Pacheco | E46: 1974 | F46: Latina | G46: Reedicion | H46: 45679 | I46: Amazon Esp | J46: 29.69 | K46: 38.75 | L46: =--SUBSTITUTE(J46," €","") - K46 -> -9.06 | O46: Reyes Padrino y Madrina
A47: 46 | C47: Get Yer Ya-Yas Out | D47: The Rolling Stones | E47: 1970 | F47: Rock Internacional | G47: Reedicion | H47: 45679 | I47: Amazon Esp | J47: 20.79 | K47: 25.99 | L47: =--SUBSTITUTE(J47," €","") - K47 -> -5.2 | O47: Reyes Tia Vicky
A48: 47 | C48: Birth of the Cool | D48: Miles Davis | E48: 1957 | F48: Jazz | G48: Reedicion | H48: 45700 | I48: Amazon Esp | J48: 14.99 | K48: 16.99 | L48: =--SUBSTITUTE(J48," €","") - K48 -> -2 | O48: Reyes Tía Vicky
A49: 48 | C49: Kind of Blue | D49: Miles Davis | E49: 1959 | F49: Jazz | G49: Reedicion | H49: 45700 | I49: Amazon Esp | J49: 20.99 | K49: 21.95 | L49: =--SUBSTITUTE(J49," €","") - K49 -> -0.96 | O49: Reyes Abuela Luisa
A50: 49 | C50: A Hard Day´s Night | D50: The Beatles | E50: 1964 | F50: Rock Internacional | G50: Reedicion | H50: 45727 | I50: Amazon Fr | J50: 21 | K50: 33.99 | L50: =--SUBSTITUTE(J50," €","") - K50 -> -12.99 | O50: Reyes Tía Vicky
A51: 50 | C51: Help | D51: The Beatles | E51: 1965 | F51: Rock Internacional | G51: Reedicion | H51: 45727 | I51: Amazon Fr | J51: 21 | K51: 33.99 | L51: =--SUBSTITUTE(J51," €","") - K51 -> -12.99 | O51: Reyes Tío Juan Carlos
A52: 51 | C52: Horses | D52: Patti Smith | E52: 1975 | F52: Rock Internacional | G52: Reedicion | H52: 45727 | I52: Amazon Fr | J52: 16 | K52: 21.72 | L52: =--SUBSTITUTE(J52," €","") - K52 -> -5.72 | O52: Bizum Regreso Navidad Tía Mila
A53: 52 | C53: Queen Great Hits I | D53: Queen | E53: 1981 | F53: Rock Internacional | G53: Reedicion | H53: 45727 | I53: Amazon Fr | J53: 29 | K53: 45.99 | L53: =--SUBSTITUTE(J53," €","") - K53 -> -16.99 | O53: Bizum Regreso Navidad Tía Mila
A54: 53 | C54: Cold Fact | D54: Sixto Rodríguez | E54: 1970 | F54: Cantautor/Folk | G54: Reedicion | H54: 45727 | I54: Amazon Fr | J54: 16.5 | K54: 22.99 | L54: =--SUBSTITUTE(J54," €","") - K54 -> -6.49 | O54: Reyes Tío Juan Carlos
A55: 54 | C55: Morrison Hotel | D55: The Doors | E55: 1970 | F55: Rock Internacional | G55: Reedicion | H55: 45727 | I55: Amazon Fr | J55: 21.5 | K55: 32.99 | L55: =--SUBSTITUTE(J55," €","") - K55 -> -11.49 | O55: Bizum Regreso Navidad Tía Mila
... A58: 57 | C58: Diamond Dogs | D58: David Bowie | E58: 1974 | F58: Rock Internacional | G58: Reedicion | H58: 45795 | I58: Amazon Esp | J58: 19.19 | K58: 29.99 | L58: =--SUBSTITUTE(J58," €","") - K58 -> -10.8 | O58: Cumple Tia Angu?
A59: 58 | C59: Rum, Sodomy And The Lash | D59: The Pogues | E59: 1985 | F59: Punk | G59: Reedicion | H59: 45795 | I59: Amazon Esp | J59: 17.59 | K59: 35.49 | L59: =--SUBSTITUTE(J59," €","") - K59 -> -17.9
A60: 59 | C60: La Fusa (Con Maria Bethania y Toquinho) | D60: La Fusa (Vinicius de Moraes, Maria Bethania y Toquinho) | E60: 1971 | F60: Latina | G60: Reedicion | H60: 45795 | I60: Amazon Esp | J60: 15.6 | K60: 23.77 | L60: =--SUBSTITUTE(J60," €","") - K60 -> -8.17
A61: 60 | C61: Back to Black | D61: Amy Winehouse | E61: 2006 | F61: Soul & Funk | G61: Reedicion | H61: 45795 | I61: Amazon Esp | J61: 25.99 | K61: 33.99 | L61: =--SUBSTITUTE(J61," €","") - K61 -> -8
A62: 61 | C62: Blonde on Blonde | D62: Bob Dylan | E62: 1966 | F62: Cantautor/Folk | G62: Reedicion | H62: 45795 | I62: Amazon Esp | J62: 18.39 | K62: 23.99 | L62: =--SUBSTITUTE(J62," €","") - K62 -> -5.6 | O62: Cumple Tia Angu?
A63: 62 | C63: Led Zeppelin II | D63: Led Zeppelin | E63: 1969 | F63: Rock Internacional | G63: Reedicion | H63: 45795 | I63: Amazon Esp | J63: 16.79 | K63: 20.99 | L63: =--SUBSTITUTE(J63," €","") - K63 -> -4.2
A64: 63 | C64: Moondance | D64: Van Morrison | E64: 1970 | F64: Cantautor/Folk | G64: Reedicion | H64: 45795 | I64: Amazon Esp | J64: 23.99 | K64: 29.99 | L64: =--SUBSTITUTE(J64," €","") - K64 -> -6 | O64: Cumple Tía Angu
A65: 64 | C65: Queen is Dead | D65: The Smiths | E65: 1986 | F65: Rock Internacional | G65: Reedicion | H65: 45795 | I65: Amazon Esp | J65: 19.99 | K65: 22.99 | L65: =--SUBSTITUTE(J65," €","") - K65 -> -3
A66: 65 | C66: Led Zeppelin IV | D66: Led Zeppelin | E66: 1971 | F66: Rock Internacional | G66: Reedicion | H66: 45828 | I66: Corte Inglés | J66: 16.79 | K66: 20.99 | L66: =--SUBSTITUTE(J66," €","") - K66 -> -4.2
A67: 66 | C67: Out of Time | D67: REM | E67: 1991 | F67: Rock Internacional | G67: Reedicion | H67: 45828 | I67: Corte Inglés | J67: 19.99 | K67: 29.8 | L67: =--SUBSTITUTE(J67," €","") - K67 -> -9.81
A68: 67 | C68: Definitly Maybe | D68: Oasis | E68: 1994 | F68: Rock Internacional | G68: Reedicion | H68: 45838 | I68: Amazon Esp | J68: 28.8 | K68: 43.7 | L68: =--SUBSTITUTE(J68," €","") - K68 -> -14.9
A69: 68 | C69: Transformer | D69: Lou Reed | E69: 1972 | F69: Rock Internacional | G69: Reedicion | H69: 45838 | I69: Amazon Esp | J69: 17.59 | K69: 21.99 | L69: =--SUBSTITUTE(J69," €","") - K69 -> -4.4
A70: 69 | C70: Parklife | D70: Blur | E70: 1994 | F70: Rock Internacional | G70: Reedicion | H70: 45838 | I70: Amazon Esp | J70: 29.6 | K70: 47.58 | L70: =--SUBSTITUTE(J70," €","") - K70 -> -17.98
A71: 70 | C71: Born To Run | D71: Bruce Springsteen | E71: 1975 | F71: Rock Internacional | G71: Reedicion | H71: 45838 | I71: Amazon Esp | J71: 17.59 | K71: 23.99 | L71: =--SUBSTITUTE(J71," €","") - K71 -> -6.4
A72: 71 | C72: Screamadelica | D72: Primal Scream | E72: 1991 | F72: Rock Internacional | G72: Reedicion | H72: 45884 | I72: Assai Records (Edimburgo) | J72: 33.98 | K72: 36.82 | L72: =--SUBSTITUTE(J72," €","") - K72 -> -2.84
A73: 72 | C73: Love Over Gold | D73: Dire Straits | E73: 1982 | F73: Rock Internacional | G73: Original UK | H73: 45888 | I73: Music & Video Exchange (Hyde Park) | J73: 17.53 | K73: 17 | L73: =--SUBSTITUTE(J73," €","") - K73 -> 0.53
A74: 73 | C74: Backless | D74: Eric Clapton | E74: 1978 | F74: Rock Internacional | G74: Original (1983) UK | H74: 45888 | I74: Music & Video Exchange (Hyde Park) | J74: 10.4 | K74: 20 | L74: =--SUBSTITUTE(J74," €","") - K74 -> -9.6 | O74: Regalo Kai
A75: 74 | C75: Getz/Gilberto | D75: Stan Getz & Joao Gilberto | E75: 1964 | F75: Jazz | G75: Reedicion | H75: 45890 | I75: Sister Ray (Londres) | J75: 15.1 | K75: 33.99 | L75: =--SUBSTITUTE(J75," €","") - K75 -> -18.89
A76: 75 | C76: Disraeli Gears | D76: Cream | E76: 1967 | F76: Rock Internacional | G76: Reedicion | H76: 45890 | I76: Foop (Convent Garden) | J76: 15.4 | K76: 37.9 | L76: =--SUBSTITUTE(J76," €","") - K76 -> -22.5 | O76: Oferta Foop 3 x 66 + 30 % de Laury por empleada
A77: 76 | C77: Talking Heads 77 | D77: Talkind Heads | E77: 1977 | F77: Rock Internacional | G77: Reedicion | H77: 45890 | I77: Foop (Convent Garden) | J77: 15.4 | K77: 31.2 | L77: =--SUBSTITUTE(J77," €","") - K77 -> -15.8 | O77: Oferta Foop 3 x 66 + 30 % de Laury por empleada
A78: 77 | C78: Be Here Now | D78: Oasis | E78: 1997 | F78: Rock Internacional | G78: Reedicion | H78: 45890 | I78: Foop (Convent Garden) | J78: 15.4 | K78: 39.29 | L78: =--SUBSTITUTE(J78," €","") - K78 -> -23.89 | O78: Oferta Foop 3 x 66 + 30 % de Laury por empleada
A79: 78 | C79: Let´s Dance | D79: David Bowie | E79: 1983 | F79: Rock Internacional | G79: Reedicion | H79: 45890 | I79: Foop (Convent Garden) | J79: 17.5 | K79: 34.95 | L79: =--SUBSTITUTE(J79," €","") - K79 -> -17.45 | O79: Oferta Foop 2 X 50 + 30 % de Laury por empleada
A80: 79 | C80: Velvet Underground And Nico (Banana Album) | D80: The Velvet Underground & Nico | E80: 1967 | F80: Rock Internacional | G80: Reedicion | H80: 45890 | I80: Foop (Convent Garden) | J80: 17.5 | K80: 25.99 | L80: =--SUBSTITUTE(J80," €","") - K80 -> -8.49 | O80: Oferta Foop 2 X 50 + 30 % de Laury por empleada
A81: 80 | C81: Hot Rocks 1964 - 1971 | D81: The Rolling Stones | E81: 1971 | F81: Rock Internacional | G81: Reedicion | H81: 45900 | I81: Amazon Esp | J81: 28.99 | K81: 45.85 | L81: =--SUBSTITUTE(J81," €","") - K81 -> -16.86
A82: 81 | C82: Wish You Were Here | D82: Pink Floyd | E82: 1975 | F82: Rock Internacional | G82: Reedicion | H82: 45927 | I82: Amazon Esp | J82: 27.19 | K82: 33.99 | L82: =--SUBSTITUTE(J82," €","") - K82 -> -6.8
A83: 82 | C83: La Mandrágora | D83: Javier Krahe, Joaquín Sabina y Alberto Pérez | E83: 1981 | F83: Cantautor/Folk | G83: Reedicion | H83: 45927 | I83: Amazon Esp | J83: 16.14 | K83: 36 | L83: =--SUBSTITUTE(J83," €","") - K83 -> -19.86
A84: 83 | C84: Leonard Cohen: Live in London | D84: Leonard Cohen | E84: 2009 | F84: Cantautor/Folk | G84: Reedicion | H84: 45927 | I84: Amazon Esp | J84: 27.31 | K84: 32.13 | L84: =--SUBSTITUTE(J84," €","") - K84 -> -4.82 | O84: Regalo Tia angu o Abuela Luisa
A85: 84 | C85: The River | D85: Bruce Springsteen | E85: 1980 | F85: Rock Internacional | G85: Reedicion | H85: 45930 | I85: Amazon Esp | J85: 25.29 | K85: 31.99 | L85: =--SUBSTITUTE(J85," €","") - K85 -> -6.7
A86: 85 | C86: Breakfast in America | D86: Supertramp | E86: 1979 | F86: Rock Internacional | G86: Reedicion. Portada en el Disco | H86: 45940 | I86: Amazon Fr | J86: 19.66 | K86: 27.45 | L86: =--SUBSTITUTE(J86," €","") - K86 -> -7.79 | O86: 19,99 en Francia Enero 26
A87: 86 | C87: Brother in Arms | D87: Dire Straits | E87: 1985 | F87: Rock Internacional | G87: Reedicion 50th Aniversario | H87: 45945 | I87: Amazon Fr | J87: 22.94 | K87: 28.99 | L87: =--SUBSTITUTE(J87," €","") - K87 -> -6.05 | O87: 26,99 en Francia Enero 26
A88: 87 | C88: Greatest Hits II | D88: Queen | E88: 1991 | F88: Rock Internacional | G88: Reedicion | H88: 45945 | I88: Amazon Fr | J88: 25.49 | K88: 34.99 | L88: =--SUBSTITUTE(J88," €","") - K88 -> -9.5 | O88: 29,99 en Francia Enero 26
A89: 88 | C89: The Freewheelin' Bob Dylan | D89: Bob Dylan | E89: 1963 | F89: Cantautor/Folk | G89: Reedicion | H89: 45945 | I89: Amazon Fr | J89: 15.52 | K89: 21.99 | L89: =--SUBSTITUTE(J89," €","") - K89 -> -6.47 | O89: 31,41 en Francia Enero 26
A90: 89 | C90: Best of The Specials | D90: The Specials | E90: 2008 | F90: Reggae/Ska | G90: Reedicion | H90: 45945 | I90: Amazon Fr | J90: 19.98 | K90: 43.55 | L90: =--SUBSTITUTE(J90," €","") - K90 -> -23.57 | O90: 38,01 en Francia Enero 26
A91: 90 | C91: Beggars Banquet | D91: The Rolling Stones | E91: 1969 | F91: Rock Internacional | G91: Reedicion | H91: 45945 | I91: Amazon Fr | J91: 23.79 | K91: 33.99 | L91: =--SUBSTITUTE(J91," €","") - K91 -> -10.2 | O91: 19,99 en Francia Enero 26
A92: 91 | C92: Urban Hymns | D92: The Verve | E92: 1997 | F92: Rock Internacional | G92: Reedicion | H92: 45945 | I92: Amazon Fr | J92: 27.3 | K92: 45.85 | L92: =--SUBSTITUTE(J92," €","") - K92 -> -18.55 | O92: 37,59 en Francia Enero 26
A93: 92 | C93: Songs Of Leonard Cohen | D93: Leonard Cohen | E93: 1967 | F93: Cantautor/Folk | G93: Reedicion | H93: 45987 | I93: Amazon Esp | J93: 17.8 | K93: 20.99 | L93: =--SUBSTITUTE(J93," €","") - K93 -> -3.19
A94: 93 | C94: Forever Changes | D94: Love | E94: 1967 | F94: Rock Internacional | G94: Reedicion | H94: 45994 | I94: Amazon Esp | J94: 19.2 | K94: 23.99 | L94: =--SUBSTITUTE(J94," €","") - K94 -> -4.79
A95: 94 | C95: Remainin Light | D95: Talking Heads | E95: 1980 | F95: Rock Internacional | G95: Reedicion | H95: 45994 | I95: Amazon Esp | J95: 16.8 | K95: 25.99 | L95: =--SUBSTITUTE(J95," €","") - K95 -> -9.19
A96: 95 | C96: Construçao | D96: Chico Buarque | E96: 1971 | F96: Cantautor/Folk | G96: Reedicion en 43 RPM | H96: 45999 | I96: Louie Louie (Oporto) | J96: 26 | K96: 45 | L96: =--SUBSTITUTE(J96," €","") - K96 -> -19
A97: 96 | C97: Greetings from Asbury Park, N.J. | D97: Bruce Springsteen | E97: 1973 | F97: Rock Internacional | G97: Ed Portuguesa original | H97: 45999 | I97: Louie Louie (Oporto) | J97: 17.5 | K97: 19 | L97: =--SUBSTITUTE(J97," €","") - K97 -> -1.5
A98: 97 | C98: Os Mutantes | D98: Os Mutantes | E98: 1968 | F98: Latina | G98: Reedicion con CD | H98: 45999 | I98: Porto Calling (Oporto) | J98: 25 | K98: 35.13 | L98: =--SUBSTITUTE(J98," €","") - K98 -> -10.13
A99: 98 | C99: Flashpoint | D99: The Rolling Stones | E99: 1991 | F99: Rock Internacional | G99: Original ESP (1991) | H99: 46010 | I99: Hey Boy Hey Girl (La Laguna) | J99: 20 | K99: 22 | L99: =--SUBSTITUTE(J99," €","") - K99 -> -2
A100: 99 | C100: Robert Johnson King of the Delta Blues Singer | D100: Robert Johnson | E100: 1961 (1936-1937) | F100: Blues | G100: Reedicion | H100: 46010 | I100: Hey Boy Hey Girl (La Laguna) | J100: 23.5 | K100: 14.99 | L100: =--SUBSTITUTE(J100," €","") - K100 -> 8.51 | O100: Regalo Reyes Tía Angu
A101: 100 | C101: Who is Next / San Francisco 1971 | D101: The Who | E101: 1971 | F101: Rock Internacional | G101: Reedicion Box Set Special | H101: 46039 | I101: Amazon Esp | J101: 31.99 | K101: 66.21 | L101: =--SUBSTITUTE(J101," €","") - K101 -> -34.22
A102: 101 | C102: Canciones de la Resistencia Española | D102: Chicho Sánchez Ferlosio | E102: 1963 | F102: Cantautor/Folk | G102: EP Redición Madmua Records | H102: 46048 | I102: A la editorial por Discdogs | J102: 28 | K102: 28 | L102: =--SUBSTITUTE(J102," €","") - K102 -> 0 | O102: Regalo Reyes Tía Angu
A103: 102 | C103: Canciones de la Guerra Civil Española | D103: Chicho Sánchez Ferlosio | E103: 1963 | F103: Cantautor/Folk | G103: Single Reedicion Madmua Recors | H103: 46048 | I103: A la editorial por Discdogs (de regalo con el anterior) | J103: 0 | K103: 7.5 | L103: =--SUBSTITUTE(J103," €","") - K103 -> -7.5 | O103: Regalo Reyes Tía Angu / De regalo con el anterior
A104: 103 | C104: Bob Dylan (Debut Album) | D104: Bob Dylan | E104: 1962 | F104: Cantautor/Folk | G104: Reedicion | H104: 46049 | I104: Amazon Esp | J104: 16.99 | K104: 25.39 | L104: =--SUBSTITUTE(J104," €","") - K104 -> -8.4 | O104: Loteria Tío Pepe
A105: 104 | C105: Corrina Corrina - Mixed up Confusion | D105: Bob Dylan | E105: 1962 | F105: Cantautor/Folk | G105: Single Reedicion Amarillo | H105: 46049 | I105: Amazon Esp (Regalo con el anterior) | J105: 0 | K105: 15 | L105: =--SUBSTITUTE(J105," €","") - K105 -> -15 | O105: Regalo con el anterior
A106: 105 | C106: Pretzel Logic | D106: Steely Dan | E106: 1974 | F106: Rock Internacional | G106: Edicion Española 1978 | H106: 46061 | I106: Feria Disco Salamanca | J106: 15 | K106: 21 | L106: =--SUBSTITUTE(J106," €","") - K106 -> -6
A107: 106 | C107: Déjà Vu | D107: Crosby , Stills, Nash & Young | E107: 1970 | F107: Rock Internacional | G107: Original UK | H107: 46061 | I107: Feria Disco Salamanca | J107: 22 | K107: 22 | L107: =--SUBSTITUTE(J107," €","") - K107 -> 0
A108: 107 | C108: Lo Mejor de Joan Baez | D108: Joan Baez | E108: 1976 | F108: Cantautor/Folk | G108: Edicion Española 1976 | H108: 46061 | I108: Feria Disco Salamanca | J108: 8 | K108: 10 | L108: =--SUBSTITUTE(J108," €","") - K108 -> -2
...

Sheet ColumnaPrecios
A1: Dark Side | B1: Column2 | C1: Column3 | D1: Column4
A2: Disco de vinilo, LP Doble, 13 octubre 2023 "Vuelva a intentarlo" | B2: — | C2: 47,99 | D2: —
A3: At Newport | B3: Column2 | C3: Column3 | D3: Column4
A4: Disco de vinilo, Importación, 13 abril 2017 | B4: 14,99 € | C4: 14,99 | D4: —
A5: Are you Experienced | B5: Column2 | C5: Column3 | D5: Column4
A6: Disco de vinilo, Importación, 9 octubre 2015 "Vuelva a intentarlo" | B6: 31,99 | C6: 31,99 € | D6: 25,81 €
A7: Ziggy Stardust | B7: Column2 | C7: Column3
A8: Disco de vinilo, 26 febrero 2016 "Vuelva a intentarlo" | B8: — | C8: 24,74
A9: Let it Be | B9: Column2 | C9: Column3 | D9: Column4
A10: Disco de vinilo, LP Doble, 15 octubre 2021 "Vuelva a intentarlo" | B10: 34,99 | C10: 34,45 € | D10: —
A11: Time Out | B11: Column2 | C11: Column3 | D11: Column4
A12: Disco de vinilo, Grabación original remasterizada, 16 marzo 2017 "Vuelva a intentarlo" | B12: 14,50 | C12: 14,50 € | D12: —
A13: The Besto Muddy Waters | B13: Column2 | C13: Column3 | D13: Column4
A14: Disco de vinilo "Vuelva a intentarlo" | B14: 18,98 | C14: 18,98 € | D14: —
A15: Column1 | B15: Column2 | C15: Column3 | D15: Column4
A16: Disco de vinilo, Importación, 1 diciembre 2015 "Vuelva a intentarlo" | B16: 26,99 | C16: 26,99 | D16: —

Sheet ExileOnMain
A1: Column1 | B1: Column2 | C1: Column3
A2: 45.99 | B2: 45 | C2: 99
A3: 45.99 | B3: 45 | C3: 99
A4: 14.27 | B4: 14 | C4: 27
A5: 19.99 | B5: 19 | C5: 99
A6: 16.85 | B6: 16 | C6: 85
A7: 39.99 | B7: 39 | C7: 99
A8: 22.99 | B8: 22 | C8: 99
A9: 34.99 | B9: 34 | C9: 99
A10: 277.18 | B10: 277 | C10: 18
A11: 22.99 | B11: 22 | C11: 99
A12: 34.99 | B12: 34 | C12: 99
A13: 29.99 | B13: 29 | C13: 99
... A16: 19.99 | B16: 19 | C16: 99

Sheet SongFromARoom
A1: Column1 | B1: Column2 | C1: Column3
A2: 27,37 | B2: 27 | C2: 37
A3: 27,37 | B3: 27 | C3: 37
A4: 18,71 | B4: 18 | C4: 71
A5: 16,99 | B5: 16 | C5: 99
A6: 16,99 | B6: 16 | C6: 99
A7: 16,99 | B7: 16 | C7: 99
A8: 22,99 | B8: 22 | C8: 99
A9: 277,18 | B9: 277 | C9: 18
A10: 16,99 | B10: 16 | C10: 99
A11: 277,18 | B11: 277 | C11: 18
A12: 36,99 | B12: 36 | C12: 99
A13: 22,99 | B13: 22 | C13: 99
... A16: 28,99 | B16: 28 | C16: 99

Sheet UnpluggedClapton
A1: Column1 | B1: Column2 | C1: Column3
A2: 41,71 | B2: 41 | C2: 71
A3: 41,71 | B3: 41 | C3: 71
A4: 34,99 | B4: 34 | C4: 99
A5: 39,99 | B5: 39 | C5: 99
A6: 16,99 | B6: 16 | C6: 99
A7: 16,85 | B7: 16 | C7: 85
A8: 22,99 | B8: 22 | C8: 99
A9: 16,99 | B9: 16 | C9: 99
A10: 30,61 | B10: 30 | C10: 61
A11: 23,99 | B11: 23 | C11: 99
A12: 16,99 | B12: 16 | C12: 99
A13: 22,99 | B13: 22 | C13: 99
... A17: 26,99 | B17: 26 | C17: 99
